title,price,rating,oprice,brand
USM ID116 Smart Watch Smart Bracelet Fitness Tracker Color Screen Smartwatch Heart Rate Blood Pressure Pedometer Sleep Monitor  ,329,4.3,₹329,USM
"boAt Flash Edition Smart Watch with Activity Tracker, Multiple Sports Modes, 1.3"" Screen, 170+ Watch Faces, Sleep Monitor, Gesture, Camera & Music Control, IP68 & 7 Days Battery Life(Lightning Black)  ","1,199",4.0,"₹1,199",boAt
"Noise ColorFit Pulse Grand Smart Watch with 1.69""(42.9cm) HD Display, 60 Sports Modes, 150 Watch Faces, Fast Charge, Spo2, Stress, Sleep, Heart Rate Monitoring & IP68 Waterproof (Champagne Grey)  ","1,299",4.0,"₹1,299",Noise
Krishna Analog Analog Watch - for Boys & Girls  ,119,5.0,₹119,Generic
"boAt Xtend Smartwatch Batman Edition with Alexa Built-in, 1.69” HD Display, Multiple Watch Faces, Stress Monitor, Heart & SpO2 Monitoring, 14 Sports Modes, Sleep Monitor, 5 ATM(Knight Black)  ","1,299",4.2,"₹1,299",boAt
Silicone Strap Analog Wrist Watch for Men (Black/Blue/Red) | LD-BK054  ,399,4.0,₹399,LOUIS DEVIN
Digital Sports Multi Functional Black Dial Watch for Mens Boys -315RED  ,284,3.8,₹284,Shocknshop
"Tokdis MX-1 Pro Bluetooth Calling Smartwatch - 1.69” LCD Display, Multiple Watch Faces, Sleep Monitor, Heart & SpO2 Monitoring, Multiple Sports Modes  ",799,3.1,₹799,Tokdis
"Bouncefit D20 Y68 Fitness Band Smartwatch – Single Touch Interface, Water Resistant, Workout Modes, Quick Charge Sports Smartwatch for Boys and Girls – Jet Black  ",479,3.0,₹479,Bouncefit
Analog Day Date Functioning Stainless Steel Chain Watch for Men  ,319,3.8,₹319,TIMEWEAR
"boAt Wave Prime47 Smart Watch with 1.69"" HD Display, 700+ Active Modes, ASAP Charge, Live Cricket Scores, Crest App Health Ecosystem, HR & SpO2 Monitoring(Matte Black)  ","1,199",3.4,"₹1,199",boAt
"Digital 24 Images Projector Watch for Kids Boys Watch, Diwali Gift, Birthday Return Gift, Best Digital Toy Watch for Boy's & Girl's BG-906  ",289,4.1,₹289,ADAMO
SHREENOVA® ID116 Plus Bluetooth Fitness Smart Watch for Men Women and Kids Activity Tracker (Black)  ,278,3.1,₹278,Generic
"Hammer Ace 3.0 Bluetooth Calling Smart Watch with Largest 1.85"" IPS Display, Dual Mode, Spo2, Heart Rate, Strong Metallic Body & Skin Friendly Strap (Black)  ","1,499",4.5,"₹1,499",Hammer
"Fire-Boltt Ring 3 Smart Watch 1.8"" Biggest Display Advanced Bluetooth Calling Chip, Voice Assistance,118 Sports Modes, in Built Calculator & Games, SpO2, Heart Rate Monitoring  ","1,999",4.2,"₹1,999",Fire-Boltt
"boAt Flash Edition Smart Watch with Activity Tracker, Multiple Sports Modes, 1.3"" Screen, 170+ Watch Faces, Sleep Monitor, Gesture, Camera & Music Control, IP68 & 7 Days Battery Life(Galaxy Blue)  ","1,199",4.0,"₹1,199",boAt
"Fire-Boltt Gladiator 1.96"" Biggest Display Smart Watch with Bluetooth Calling, Voice Assistant &123 Sports Modes, 8 Unique UI Interactions, SpO2, 24/7 Heart Rate Tracking, Rs 100 Off on UPI  ","2,499",4.0,"₹2,499",Fire-Boltt
"OnePlus Nord Watch with 1.78” AMOLED Display, 60 Hz Refresh Rate, 105 Fitness Modes, 10 Days Battery, SPO2, Heart Rate, Stress Monitor, Women Health Tracker & Multiple Watch Faces [Deep Blue]  ","4,999",3.9,"₹4,999",OnePlus
"boAt Newly Launched Wave Armour with 1.83” HD Display, Bluetooth Calling, Rugged Design, HR, SpO2 & Sleep Monitoring, Multiple Sports Modes, Multiple Watch Faces(Olive Green)  ","1,999",4.5,"₹1,999",boAt
Analog Day & Date Display Wrist Watch for Men & Boys (Black)  ,299,3.6,₹299,Matrix
VMBS A1 Smart Watch Mobile Inbuild Camera Supporting 4G/5G Sim Smartwatch for Phone  ,990,2.5,₹990,VMBS
"Fire-Boltt Gladiator 1.96"" Biggest Display Smart Watch with Bluetooth Calling, Voice Assistant &123 Sports Modes, 8 Unique UI Interactions, SpO2, 24/7 Heart Rate Tracking, Rs 100 Off on UPI  ","2,499",4.0,"₹2,499",Fire-Boltt
"boAt Matrix Smart Watch with 1.65” AMOLED Display, Always On Mode, Slim Premium Design, Heart Rate & SpO2 Monitoring, Health Ecosystem & Multiple Sports Modes, 3ATM & 7 Days Battery Life(Pitch Black)  ","1,499",3.9,"₹1,499",boAt
Stainless Steel Watch Series Analogue Men's Watch (Black Dial Mens Long Colored Strap) -W219  ,285,3.8,₹285,Shocknshop
Analogue White Dial Kids Watch for Boys & Girls  ,189,3.5,₹189,SWADESI STUFF
Simple Sport Digital Men’s Military Watches Electronic LED Time Black Wrist Watch  ,449,3.8,₹449,Shocknshop
Analog Boy's & Men's Watch (Blue Dial Blue Colored Strap)  ,266,3.6,₹266,REDUX
Digital Watch Shockproof Multi-Functional Automatic Black Color Strap Waterproof Digital Sports Watch for Mens Kids Watch for Boys Watch for Men Pack of 1 Watch Water Resistance Digital Watch  ,189,3.8,₹189,SELLORIA
Analog Dial Black Metal Strap Watch Series Watches for Men Watch for Man and Watch for Boys  ,284,3.5,₹284,The Shopoholic
Brand - A Taymex Digital Watch Shockproof Multi-Functional Automatic Black Strap Waterproof Digital Sports Watch For Men's Kids Watch For Boys - Watch For Men Pack Of 1  ,285,4.0,₹285,Acnos
Digital Dial Men's & Women's Watch(AB206-VSD)  ,299,2.5,₹299,CERO
Watches for Men Round Numerical Dial |Analogue Quartz Movemnet Mens Watch|Long Battery Life|Stainless Steel Adjustable Bracelet Black Chain with Long Lasting Polish| Watches for Boys  ,249,4.3,₹249,IIK COLLECTION
Analogue - Digital Men's Watch (Black Dial Black Colored Strap)  ,799,3.8,₹799,V2A
"Smart Watch D20 Y68 Smart Watch for Girls Boys Men Women Kids, Blacktooth 1.3"" Smart Watch LED with Daily Activity Tracker, Heart Rate Sensor, for All Boys & Girls SmartWatch- Pink  ",499,1.7,₹499,Drawya
Analog Grey Dial Unisex-Adult Watch-68011PP08  ,895,4.2,₹895,Fastrack
Smart Watch for Men Women ID116 Plus Smart Bracelet Fitness Tracker Color Screen Smartwatch Heart Rate Blood Pressure Pedometer Sleep Monitor  ,399,4.4,₹399,Mobivax
All Black Stainless Steel Strap Stylish Analog Watch for Men  ,299,3.5,₹299,SWADESI STUFF
"MAGBOT Q9 Smart Watch for Men & Women Latest Bluetooth 1.3"" LED with Daily Activity Tracker, Heart Rate Sensor, BP Monitor, Sports Gym Watch for All Boys & Girls - Black  ",499,3.6,₹499,MAGBOT
V2A Digital Unisex Watch (Grey Dial Black Colored Strap)  ,990,4.1,₹990,V2A
New Edition i7 Pro Max All in One Series 7 Smart Watch with Fitness Tracker Heart Monitor Men Women Smart Watch Black  ,589,3.3,₹589,Generic
"Noise ColorFit Pulse Grand Smart Watch with 1.69""(4.2cm) HD Display, 60 Sports Modes, 150 Watch Faces, Fast Charge, Spo2, Stress, Sleep, Heart Rate Monitoring & IP68 Waterproof (Lime Green)  ","1,299",4.0,"₹1,299",Noise
Tees Analog Dial Unisex-Adult Watch  ,950,4.2,₹950,Fastrack
"OLICOM M1 Smart Watch Id-116 Bluetooth Smartwatch Wireless Fitness Band for Boys, Girls, Men, Women & Kids | Sports Gym Watch for All Smart Phones I Heart Rate and spo2 Monitor  ",499,3.6,₹499,OLICOM
Analogue Black Dial Men's Watch - SS-GR918-BLK-BLK  ,149,2.5,₹149,SWISSTYLE
"SHREENOVA XA Smart Watch for Men & Women Latest Bluetooth 1.3"" LED with Daily Activity Tracker, Heart Rate Sensor,Sports Gym Watch for All Boys & Girls - Black  ",295,3.0,₹295,Generic
The Watch (Fourteen Tales of Thirteen Covens Book 5)  ,0,5.0,₹0,Audrey Brice
"DIZO Watch D2 Power (by realme TechLife) –Large 1.91"" Superlight, Single Chipset Bluetooth Calling Smartwatch with Smart Swipe,150 +Stylish Watch Faces and 10 Day Battery (Classic Black)  ","1,799",3.7,"₹1,799",DIZO
Silicone Strap Black Dial Watch for Men | Watches for Boys | Stylish Analog Watches for Men  ,"1,499",5.0,"₹1,499",Sylvi
Analog Men's Watch  ,"1,298",4.1,"₹1,298",TIMEX
New LED Square Digital Watch for Boys & Girls  ,99,2.7,₹99,RPS FASHION WITH DEVICE OF R
"Noise ColorFit Ultra Buzz Bluetooth Calling Smart Watch with 1.75"" HD Display, 320x385 px Resolution, 100 Sports Modes, Stock Market Info Smartwatch for Men & Women (Champagne Grey)  ","1,999",4.1,"₹1,999",Noise
Square Multi DIAL Analog Silicon Strap ADDI Stylish Designer Analog Watch - for Boys  ,189,3.5,₹189,SWADESI STUFF
"Noise ColorFit Ultra Buzz Bluetooth Calling Smart Watch with 1.75"" HD Display, 320x385 px Resolution, 100 Sports Modes, Stock Market Info Smartwatch for Men & Women (Charcoal Black)  ","1,999",4.1,"₹1,999",Noise
Analog Dial Black Metal Strap Watch Series Watches for Men Watch for Man and Watch for Boys  ,284,3.5,₹284,The Shopoholic
"AYL Smart Watch New Generation for You ID116 Touchscreen Android Smart Watch Bluetooth Smartwatch with Heart Rate Sensor and Basic Functionality for All Women, Men, Boys & Girls - Black  ",499,3.4,₹499,AYL
Unisex Elegant Plane Style Digital Display Waterproof Outdoor Sports Silicone Strap LED Wrist Watch ( black )  ,390,3.3,₹390,FANMIS
"Waterproof D20 Touchscreen Smart Watch Bluetooth Smartwatch with Blood Pressure Tracking, Heart Rate Sensor and Basic Functionality for All Women and Men  ",332,2.5,₹332,Generic
All Black Stainless Steel Strap Stylish Analog Watch for Men  ,299,3.5,₹299,SWADESI STUFF
i8 Pro Max Touch Screen Bluetooth Smartwatch with Activity Tracker Compatible with All 3G/4G/5G Android & iOS Smartphones - Black  ,919,2.9,₹919,Generic
"OnePlus Nord Watch with 1.78” AMOLED Display, 60 Hz Refresh Rate, 105 Fitness Modes, 10 Days Battery, SPO2, Heart Rate, Stress Monitor, Women Health Tracker & Multiple Watch Faces [Deep Blue]  ","4,999",3.9,"₹4,999",OnePlus
Silicone Strap Black Dial Watch for Men | Watches for Boys | Stylish Analog Watches for Men  ,"1,499",5.0,"₹1,499",Sylvi
"Noise Pulse Go Buzz Smart Watch with Advanced Bluetooth Calling, 1.69"" Display, 150+ Cloud Watch Face, SPo2, Heart Rate Tracking, 100 Sports Mode with Auto Detection, Longer Battery (Midnight Blue)  ","1,699",4.1,"₹1,699",Noise
"boAt Matrix Smart Watch with 1.65” AMOLED Display, Always On Mode, Slim Premium Design, Heart Rate & SpO2 Monitoring, Health Ecosystem & Multiple Sports Modes, 3ATM & 7 Days Battery Life(Pitch Black)  ","1,499",3.9,"₹1,499",boAt
Men's Military Digital Watches Analog Quartz Waterproof Watch Sport Multifunctional Leather Wristwatch  ,"3,152",4.5,"₹3,152",NAVIFORCE
Reflex Vox Smartwatch|Alexa Built-in|Bright HD Display|Upto 10 Days Battery|5 ATM Water Resistance|Multiple Sports Modes|100+ Watchfaces|24x7 HRM|Sp02|Stress Monitor|Camera & Music Control  ,"1,994",3.9,"₹1,994",Fastrack
Analog Minute Track Dial Stainless Steel Chain Watch for Men  ,279,3.9,₹279,TIMEWEAR
New Fastrack Reflex Beat+ 1.69” UltraVU Display|500 Nits Brightness|60 Sports Modes|24*7 Heart Rate Monitor|SpO2 Monitor|Sleep Tracker|IP68 Water Resistant|Music & Camera Control  ,"1,694",3.9,"₹1,694",Fastrack
Brishti Super-Hero Multicolored Glowing Light Digital Wrist Watch for Kid's (Best Return Gift for Boy's)  ,299,3.9,₹299,Brishti
"AYL Waterproof D-20 Touch Screen Smart Watch Bluetooth Smartwatch with Blood Pressure Tracking, Heart Rate Sensor and Basic Functionality for All Women and Girls (Pink)  ",470,3.4,₹470,AYL
"Talk S with 1.78"" AMOLED Display|Advanced BT Calling|Music Storage with Wireless Audio Connect|100+ Sports Modes|Animated Watchfaces|5 Days Battery|IP68 Water Resistant|Stress & Mood Monitor  ","8,995",4.1,"₹8,995",Titan
"Smart 2 Fashion Smartwatch, 1.78” AMOLED Display with Premium Metal Body, Multiple Sports Modes with 100+ Watchfaces, Complete Health Suite with Stress Monitor, 7 Days Battery Life & 3 ATM  ","5,995",3.9,"₹5,995",Titan
Analogue Silver Dial Day and Date Men's Boy's Watch - Dexter0507  ,241,3.4,₹241,Espoir
"Fire-Boltt Ring Bluetooth Calling Smartwatch with SpO2 & 1.7” Metal Body with Blood Oxygen Monitoring, Continuous Heart Rate, Full Touch & Multiple Watch Faces (Grey)  ","2,299",4.1,"₹2,299",Fire-Boltt
Black Dial Analogue Watch for Men Pack of 1 (FULLBLKPAYDU)  ,265,3.6,₹265,Acnos
Smart Watch for Men Women ID116 Plus Smart Bracelet Fitness Tracker Color Screen Smartwatch Heart Rate Blood Pressure Pedometer Sleep Monitor  ,399,4.4,₹399,Mobivax
"PTron Newly Launched Force X10 Bluetooth Calling Smartwatch with 1.7"" Full Touch Color Display, Real Heart Rate Monitor, SpO2, Watch Faces, 5 Days Runtime, Fitness Trackers & IP68 Waterproof (Pink)  ","1,399",3.2,"₹1,399",pTron
LED Digital Watch Good Looking Black Watch for Boys & Girls (Black Color)  ,95,2.9,₹95,Generic
"Fire-Boltt Ninja 3 1.83"" Display Smartwatch Full Touch with 100+ Sports Modes with IP68, Sp02 Tracking, Over 100 Cloud Based Watch Faces  ","1,299",4.2,"₹1,299",Fire-Boltt
"Fire-Boltt Ninja Call Pro Plus 1.83"" Smart Watch with Bluetooth Calling, AI Voice Assistance, 100 Sports Modes IP67 Rating, 240 * 284 Pixel High Resolution  ","1,799",4.3,"₹1,799",Fire-Boltt
Quartz Movement Analogue Display Multicoloured Dial Men's Watch (Green Dial Green Colored Strap)-Army  ,125,3.3,₹125,RPS FASHION WITH DEVICE OF R
"Samsung Galaxy Watch4 LTE (4.4 cm, Black, Compatible with Android only)  ","18,999",4.3,"₹18,999",Samsung
"Fire-Boltt Ninja 3 1.83"" Display Smartwatch Full Touch with 100+ Sports Modes with IP68, Sp02 Tracking, Over 100 Cloud Based Watch Faces  ","1,299",4.2,"₹1,299",Fire-Boltt
Analogue Men's Watch(Gold Dial Silver Colored Strap)-S1089-2  ,"4,099",4.0,"₹4,099",FORSINING
"pTron Force X12S Bluetooth Calling Smartwatch, 1.85"" Full Touch HD Display, Functional Crown, Real Heart Rate Monitor, SpO2, Watch Faces, 5 Days Battery Life, Fitness Trackers & IP68 Waterproof (Pink)  ","1,449",3.3,"₹1,449",pTron
Analog Black Dial Unisex-Adult Watch-9915PP56  ,950,4.1,₹950,Fastrack
"Smart Watch D20 Y68 Smart Watch for Girls Boys Men Women Kids, Blacktooth 1.3"" Smart Watch LED with Daily Activity Tracker, Heart Rate Sensor, for All Boys & Girls SmartWatch- Pink  ",499,1.7,₹499,Drawya
Vintage Series Digital Dial Men's & Women's Watch  ,299,2.7,₹299,MIVAAN
RPM Analog Grey Dial Men's Watch-NN77031SL03/NP77031SL03  ,"1,699",4.1,"₹1,699",Sonata
Analog Men's Watch (Brown Dial Brown Colored Strap)  ,299,3.6,₹299,SWISSTONE
"Gen 5E Smartwatch with AMOLED Screen, Wear OS by Google, Built-in Speaker for Phone Calls, Google Assistant, SpO2, GPS, NFC, Wellness Features and Smartphone Notifications  ","14,794",3.9,"₹14,794",Fossil
Brand - A Digital Watch Shockproof Multi-Functional Automatic 5 Color Army Strap Waterproof Digital Sport's Watches for Men's Kids Watch for Boys - Watches for Men  ,275,3.8,₹275,Acnos
"Hammer Pulse Ace Pro Bluetooth Calling Smartwatch with SpO2 & 1.81” Aluminium Alloy Body with Blood Oxygen Monitoring, Heart Rate, Full Touch & Multiple Watch Faces with Customization (Black)  ","1,798",3.8,"₹1,798",Hammer
Analog Blue Dial Men's Watch-1805QM01  ,"6,995",4.4,"₹6,995",Titan
"boAt Wave Lite Smartwatch with 1.69 Inches(4.29cm) HD Display, Heart Rate & SpO2 Level Monitor, Multiple Watch Faces, Activity Tracker, Multiple Sports Modes & IP68 (Scarlet Red)  ","1,499",3.9,"₹1,499",boAt
WT005 Stainless Steel Chain Analog Wrist Watch for Men  ,359,3.9,₹359,LOUIS DEVIN
"Fire-Boltt Astro 1.78"" AMOLED Display Smartwatch, Always On Display, Bluetooth Calling with AI Voice, 110+ Sports Modes, Rotating Button Technology, High Resolution of 368 * 448 Pixels  ","2,999",4.1,"₹2,999",Fire-Boltt
Analogue Men's Watch Vills Black Dial  ,310,3.7,₹310,PIRASO
Analog White Dial Men's Watch-7135SL03/NP7135SL03  ,875,4.2,₹875,Sonata
"Noise ColorFit Ultra Buzz Bluetooth Calling Smart Watch with 1.75"" HD Display, 320x385 px Resolution, 100 Sports Modes, Stock Market Info Smartwatch for Men & Women (Champagne Grey)  ","1,999",4.1,"₹1,999",Noise
Analogue Watch for Men and Boys  ,249,3.6,₹249,SWADESI STUFF
Venus Digital Grey Dial Men's Watch-NL7982PP01/NM7982PP01  ,499,4.1,₹499,SF
Watch: A Novel  ,939.,4.6,₹939.86,Keith Buckley
Black Dial Date Display Analogue Watch for Men and Boys  ,249,3.8,₹249,SWADESI STUFF
"Fire-Boltt Astro 1.78"" AMOLED Display Smartwatch, Always On Display, Bluetooth Calling with AI Voice, 110+ Sports Modes, Rotating Button Technology, High Resolution of 368 * 448 Pixels  ","2,999",4.1,"₹2,999",Fire-Boltt
"Gen 5E Smartwatch with AMOLED Screen, Wear OS by Google, Built-in Speaker for Phone Calls, Google Assistant, SpO2, GPS, NFC, Wellness Features and Smartphone Notifications  ","14,794",3.9,"₹14,794",Fossil
Zaha New Generation Digital Square Watch for Boys & Girls & Kids (Red)  ,139,5.0,₹139,Generic
"DIZO Watch D2 Power (by realme TechLife) – Large 1.91"" Superlight, Single Chipset Bluetooth Calling Smartwatch with Smart Swipe, 150+Stylish Watch Faces and 10 Day Battery (Steel Grey)  ","1,799",3.7,"₹1,799",DIZO
Analog White Dial Men's Watch-HB611251ABR  ,"7,440",4.1,"₹7,440",Mathey-Tissot
"Samsung Galaxy Watch4 LTE (4.4 cm, Black, Compatible with Android only)  ","18,999",4.3,"₹18,999",Samsung
"Fire-Boltt Ninja 3 1.83"" Display Smartwatch Full Touch with 100+ Sports Modes with IP68, Sp02 Tracking, Over 100 Cloud Based Watch Faces  ","1,299",4.2,"₹1,299",Fire-Boltt
Gents Karishma Analog Brown Dial Men's Watch-NN1824KM01  ,"3,995",4.2,"₹3,995",Titan
Beyond Gold Analog Black Dial Men's Watch-NN77031KM03/NP77031KM03  ,"2,149",4.3,"₹2,149",Sonata
Super Fibre Digital Grey Dial Men's Watch-NL87011PP04/NP87011PP04  ,600,4.2,₹600,Sonata
Black dial-case and Black Leather Watch for Men Pack of - 1  ,245,3.4,₹245,Acnos
"Smart 2 Fashion Smartwatch, 1.78” AMOLED Display with Premium Metal Body, Multiple Sports Modes with 100+ Watchfaces, Complete Health Suite with Stress Monitor, 7 Days Battery Life & 3 ATM  ","5,995",3.9,"₹5,995",Titan
Digital Men's Watch (Black Colored Strap)  ,329,3.7,₹329,Scarter
Essentials Analog Silver Dial Men's Watch NM77082SL01W/NN77082SL01W  ,799,4.3,₹799,Sonata
Edifice Men's Tachymeter Chronograph EF-558SG-1AVDF (ED439)  ,"15,995",4.4,"₹15,995",Casio
Analog Boy's & Men's Watch (Blue Dial Blue Colored Strap)  ,,3.6,,REDUX
Reflex Vox Smartwatch|Alexa Built-in|Bright HD Display|Upto 10 Days Battery|5 ATM Water Resistance|Multiple Sports Modes|100+ Watchfaces|24x7 HRM|Sp02|Stress Monitor|Camera & Music Control  ,"1,994",3.9,"₹1,994",Fastrack
Analog Black Dial Men's Watch-MTP-VT01D-1BUDF (A1612)  ,"3,188",4.4,"₹3,188",Casio
"Analogue Waterproof Men's Day and Date Watch (Gold Round Dial Gold Strap,LS4010)  ",599,New to Amazon,₹599,RUSTET
"MARVIK Smart Watch D116 for Xiaomi Mi Note 10 Smart Watch LED with Activity Tracker, Heart Rate Sensor, Sleep Monitor and Basic Functionality for All Boys Girls  ",449,3.1,₹449,MARVIK
NOVA Skeleton Automatic Watch Mechanical Wrist Watch for Men Bezel Screw Design Silicone Band Self-Wind Business Watch for Men  ,"3,490",4.2,"₹3,490",ALTURA
Analog Champagne Dial Women's Watch-NL87018YM01/NP87018YM01  ,825,4.2,₹825,Sonata
Analog Dial Women's Watch  ,"2,580",4.1,"₹2,580",French Connection
"Apple Watch Series 8 [GPS + Cellular 45 mm] Smart Watch w/Graphite Stainless Steel Case & Graphite Milanese Loop. Fitness Tracker, Blood Oxygen & ECG Apps, Always- On Retina Display, Water Resistant  ","77,900",4.5,"₹77,900",Apple
Zaha New Generation Digital Square Watch for Boys & Girls & Kids (Pink)  ,110,1.5,₹110,Generic
"APCSA Original New Series 7 D20 Bluetooth Wireless Smart Watch, Fitness Band for Boys, Girls, Men, Women & Kids | Sports Watch for All Smart Phones I Heart Rate and BP Monitor ( Pink )  ",498,3.0,₹498,APCSA
Analog Gold Dial Men's Watch-43234CMGY  ,"1,349",No reviews,"₹1,349",Maxima
"Talk S with 1.78"" AMOLED Display|Advanced BT Calling|Music Storage with Wireless Audio Connect|100+ Sports Modes|Animated Watchfaces|5 Days Battery|IP68 Water Resistant|Stress & Mood Monitor  ","8,994",4.1,"₹8,994",Titan
Shhors Collection Quartz Movement Digital Black Dial Sports Alarm Unisex Watch  ,283,4.1,₹283,Primeshop
"CrossBeats Newly launched Ignite S5 Advanced AI ENC BT Calling Smartwatch, 1.96” Super AMOLED Anti-Glare Screen, Always on Display, SnapCharge™ Calculator, 500+ Watch Faces, AI Health Feature (Black)  ","4,999",4.1,"₹4,999",CrossBeats
Digital Boy's & Men's Watch (Multicolour Dial Multi Colored Strap)  ,231,3.9,₹231,ZUPERIA
"Fire-Boltt Ring Bluetooth Calling Smartwatch with SpO2 & 1.7” Metal Body with Blood Oxygen Monitoring, Continuous Heart Rate, Full Touch & Multiple Watch Faces (Blue)  ","2,299",4.1,"₹2,299",Fire-Boltt
Tropical Waters Analog Green Dial Women's Watch-NM68010SM07 / NL68010SM07  ,"1,504",4.4,"₹1,504",Fastrack
"Noise ColorFit Pro 4 Max 1.8"" Biggest Display, Bluetooth Calling Smart Watch, Built.in Alexa, 100 Sports Modes, Detection, Health & Productivity Suite (Jet Black)  ","3,999",4.0,"₹3,999",Noise
"Fire-Boltt Ninja Call Pro Plus 1.83"" Smart Watch with Bluetooth Calling, AI Voice Assistance, 100 Sports Modes IP67 Rating, 240 * 284 Pixel High Resolution  ","1,799",4.3,"₹1,799",Fire-Boltt
Chronograph Design Multi Analog Combo Watches for Men and Watches for Boys Pack of 3  ,355,3.5,₹355,Acnos
Analog Silver Dial Children's Watch-NLC4006PP02/NPC4006PP02  ,775,4.5,₹775,Zoop
Analogue White Slim Dial Luxurious Blue/Red Fabric Strap Fashion Men's Wrist Watch  ,269,3.7,₹269,FRIEDRICH
"Dicto T-500 S8 Series Smart Watch Sleep Monitor, Distance Tracker, Calendaring, Sedentary Reminder, Text Messaging, Pedometer, Calorie Tracker, Heart Rate Monitor Smartwatch (Black) Pack of 1  ",599,2.2,₹599,Dicto
Brand A Army Shockproof Waterproof Digital Sports Black Sunglass with Black Baseball Cap Watch for Mens Kids Sports Watch with Cap for Boys - Military Army Watch for Men  ,321,3.7,₹321,SELLORIA
Analog White Dial Men's Watch-TW000U933  ,"1,598",4.1,"₹1,598",TIMEX
"Fire-Boltt Ring Bluetooth Calling Smartwatch with SpO2 & 1.7” Metal Body with Blood Oxygen Monitoring, Continuous Heart Rate, Full Touch & Multiple Watch Faces (Blue)  ","2,299",4.1,"₹2,299",Fire-Boltt
Super Fibre Digital Grey Dial Men's Watch-NL87011PP04/NP87011PP04  ,600,4.2,₹600,Sonata
Analogue Watch for Men and Boys  ,249,3.6,₹249,SWADESI STUFF
Essentials Analog Silver Dial Men's Watch NM77082SL01W/NN77082SL01W  ,799,4.3,₹799,Sonata
Digital Boy's & Men's Watch (Multicolour Dial Multi Colored Strap)  ,231,3.9,₹231,ZUPERIA
Karishma Analog Blue Dial Men's Watch-NL1774SM01/NP1774SM01  ,"2,308",4.2,"₹2,308",Titan
The Watch (Red Book 1)  ,446,4.5,₹446,Amanda Witt
Fastrack Reflex Vox 2 Smart Watch with BT Calling Large 1.8 Bright HD Display Music Storage AI Voice 50+ Sports Modes 100+ Watchfaces BP Monitor 24x7 HRM SpO2 Upto 5 Day Battery IP68 (Black)  ,"4,995",3.6,"₹4,995",Fastrack
Analog Dial Women's Watch  ,"2,580",4.1,"₹2,580",French Connection
"Noise ColorFit Pro 4 Max 1.8"" Biggest Display, Bluetooth Calling Smart Watch, Built.in Alexa, 100 Sports Modes, Detection, Health & Productivity Suite (Jet Black)  ","3,999",4.0,"₹3,999",Noise
Analog Black Dial Men's Watch-3089NM03  ,"2,641",4.2,"₹2,641",Fastrack
Fundamentals Analog Grey Dial Women's Watch-NL68010SM04/NP68010SM04  ,"1,499",4.3,"₹1,499",Fastrack
"pTron Force X12S Bluetooth Calling Smartwatch, 1.85"" Full Touch HD Display, Functional Crown, Real Heart Rate Monitor, SpO2, WatchFaces, 5 Days Battery Life, Fitness Trackers & IP68 Waterproof (Black)  ","1,449",3.7,"₹1,449",pTron
Analog Boy's & Men's Watch (Blue Dial Blue Colored Strap)  ,,3.6,,REDUX
Analog Black Dial Men's Watch-TW000U934  ,"3,495",4.2,"₹3,495",TIMEX
Black Dial Date Display Analogue Watch for Men and Boys  ,249,3.8,₹249,SWADESI STUFF
Fundamentals Analog Brown Dial Men's Watch-NL38051SL02  ,"1,550",4.2,"₹1,550",Fastrack
"Digital Watch for Men's & Boy's (Multicolored Silver Dial, Black Colored Strap)  ",419,3.8,₹419,Emartos
Analog White Dial Men's Watch NM7987YM05W/NN7987YM05W/NP7987YM05W  ,999,4.2,₹999,Sonata
Analogue White Slim Dial Luxurious Blue/Red Fabric Strap Fashion Men's Wrist Watch  ,269,3.7,₹269,FRIEDRICH
"Maxima Max Pro Sky 1.85"" HD Smart Watch with Bluetooth Calling, AI Voice Assistant, Add Personalised QR, Always ON Display for 30 Min, HR/SpO2/Stress/Sleep Monitor, 550Nits Brightness (Midnight Black)  ","1,899",5.0,"₹1,899",Maxima
"Reflex Curv Unisex Activity Tracker Smart Watch, 2.5D Curved Display, AI-Enabled Coach, Multiple Sports Mode, Complete Health Suite with Temperature Monitor Variants  ","2,495",3.7,"₹2,495",Fastrack
Analog-Digital Gold Round Dial Men's Casual Watch-77070PP08  ,"2,899",3.7,"₹2,899",SF
Magnetic Charging Cable Compatible with Dizo Watch 2/Watch 2 Sport/Dizo Watch S/Dizo Watch D (Watch 2/Watch D/S)  ,299,5.0,₹299,ZOVC
Analog Gold Dial Men's Watch-43234CMGY  ,"1,349",No reviews,"₹1,349",Maxima
"APCSA Smart Watch for Men & Women Latest Bluetooth 1.3"" LED with Daily Activity Tracker, Heart Rate Sensor, BP Monitor, Sports Gym Watch for All Boys & Girls - Pink  ",599,3.4,₹599,APCSA
Black Round Diamond Dial with Latest Generation Purple & Rosegold Magnet Belt Analogue Watch for Women Pack of - 2 (DM-PURPLE-ROSEGOLD05)  ,345,3.8,₹345,Acnos
Xtreme Gear Analog-Digital Grey Round Dial Men's Sport Watch-77070PP07  ,"2,899",4.1,"₹2,899",SF
Analog White Dial Men's Watch-TW000U933  ,"1,598",4.1,"₹1,598",TIMEX
Analog Champagne Dial Stainless Steel Strap Men's Watch - 1650YM06  ,"2,995",4.3,"₹2,995",Titan
Zaha New Generation Digital Square Watch for Boys & Girls & Kids (Pink)  ,110,1.5,₹110,Generic
Analog Black Dial Men's Watch NM7987YL03W/NN7987YL03W  ,649,4.1,₹649,Sonata
Brand A Army Shockproof Waterproof Digital Sports Black Sunglass with Black Baseball Cap Watch for Mens Kids Sports Watch with Cap for Boys - Military Army Watch for Men  ,321,3.7,₹321,SELLORIA
Youth-Digital Black Dial Men's Watch-AE-1200WH-1BVDF (D098)  ,"2,595",4.5,"₹2,595",Casio
Analogue Men's Watch (Pack of 3) (Multicolored Dial Multicolored Colored Strap)  ,355,3.5,₹355,Acnos
Analog Black Dial Men's Watch-FCN00034A  ,"3,262",No reviews,"₹3,262",French Connection
"Fitbit FB507RGPK Versa 2 Health & Fitness Smartwatch with Heart Rate, Music, Alexa Built-in, Sleep & Swim Tracking, Petal/Copper Rose, One Size (S & L Bands Included) (Petal/Copper Rose)  ","14,999",4.1,"₹14,999",Fitbit
"APCSA Original New Series 7 D20 Bluetooth Wireless Smart Watch, Fitness Band for Boys, Girls, Men, Women & Kids | Sports Watch for All Smart Phones I Heart Rate and BP Monitor ( Pink )  ",498,3.0,₹498,APCSA
Black Magic Analog Black Dial Men's Watch NM3089SL05/NN3089SL05/NP3089SL05  ,"2,695",4.2,"₹2,695",Fastrack
Analog-Digital Men's Watch (Dial Colored Strap)  ,"16,061",4.2,"₹16,061",FEICE
Essentials Analog White Dial Men's Watch NM77083SM01 / NL77083SM01  ,"1,099",4.2,"₹1,099",Sonata
Analog White Dial Men's Watch-NN7954YM01W/NP7954YM01W  ,"1,499",4.2,"₹1,499",Sonata
Green-Black Dial Analogue Watch for Men | Watch for Boys- Mk-2092W  ,299,3.7,₹299,LORENZ
"Samsung Galaxy Watch4 Classic Bluetooth(4.6 cm, Black, Compatible with Android Only)  ","18,649",4.3,"₹18,649",Samsung
Digital Grey Dial Men's Watch-NL77072PP02/NP77072PP02  ,599,4.3,₹599,Sonata
Analog Black Dial (Big dial) Men's Watch-DZ7395  ,"33,995",4.0,"₹33,995",Diesel
"(Renewed) boAt Wave Call Smart Watch, Smart Talk with Bluetooth Calling Chip, 1.69 HD Display with 550 NITS & 70% Color Gamut, 150+ Watch Faces, Multi-Sport Modes,HR,SpO2, IP68(Active Black)  ","1,490",3.6,"₹1,490",Amazon Renewed
Chronograph Design Multi Analog Combo Watches for Men and Watches for Boys Pack of 3  ,355,3.5,₹355,Acnos
"Smart Watch D20 Bluetooth Smart Watch Touch Sensor Bluetooth Smart Watch with Activity Tracker, Heart Rate Sensor, Sleep Monitor and Basic Functionality for All Boys & Girls with 1Year Warranty  ",498,New to Amazon,₹498,friction
Analog Black Dial Men's Watch-3089NM03  ,"2,641",4.2,"₹2,641",Fastrack
Essentials Analog White Dial Men's Watch NM77083SM01 / NL77083SM01  ,"1,099",4.2,"₹1,099",Sonata
Analog Black Dial Men's Watch-MTP-VT01L-1BUDF (A1615)  ,"2,405",4.3,"₹2,405",Casio
Zaha New Generation Digital Square Watch for Boys & Girls & Kids (Red)  ,139,5.0,₹139,Generic
A500  ,906,4.1,₹906,TIMEX
Casual Analog Black Dial Men's Watch-NL3121SM02/NP3121SM02  ,"1,850",4.2,"₹1,850",Fastrack
Boy's Avenger Printed Analog Watch and King Bracelet Combo (Black)  ,249,3.7,₹249,CERO
Black Round Diamond Dial with Latest Generation Purple & Rosegold Magnet Belt Analogue Watch for Women Pack of - 2 (DM-PURPLE-ROSEGOLD05)  ,345,3.8,₹345,Acnos
Analog Multi-Color Dial Children's Watch-NLC3008PP01/NPC3008PP01  ,675,4.4,₹675,Zoop
Karishma Analog Silver Dial Men's Watch-NK1638SM01 / NK1638SM01  ,"1,995",4.2,"₹1,995",Titan
The Watch  ,0,4.0,₹0,Raitt Emmel Hall
Sporty Digital Grey Dial Men's Watch-NL77043PP02/NP77043PP02  ,549,4.0,₹549,SF
Green-Black Dial Analogue Watch for Men | Watch for Boys- Mk-2092W  ,299,3.7,₹299,LORENZ
Falster 3 Digital Black Dial Men's Watch-SKT5202  ,"8,797",3.9,"₹8,797",Skagen
"PTron Newly Launched Force X11P Bluetooth Calling Smartwatch with 1.3"" Full Touch Display, Heart Rate Tracking, SpO2, 100s of Watch Faces, 5 Days Runtime, Fitness Trackers & IP68 Waterproof (Black)  ","1,549",3.4,"₹1,549",pTron
Analog Gold Dial Men's Watch-43234CMGY  ,"1,349",No reviews,"₹1,349",Maxima
"Zebronics DRIP Smart Watch with Bluetooth Calling, 4.3cm (1.69""), 10 built-in & 100+ Watch Faces, 100+ Sport Modes, 4 built-in Games, Voice Assistant, 8 Menu UI, Fitness Health & Sleep Tracker (Black)  ","1,799",3.8,"₹1,799",ZEBRONICS
"New Titan Talk Smart Watch|BT Calling|1.39""AMOLED Display|Immersive 454x454 Resolution|Music Storage|TWS Connect|AI Voice|Multisport Modes  ","9,994",3.8,"₹9,994",Titan
Analog Black Dial (Big dial) Men's Watch-DZ7395  ,"33,995",4.0,"₹33,995",Diesel
Karishma Analog Blue Dial Men's Watch-NL1774SM01/NP1774SM01  ,"2,308",4.2,"₹2,308",Titan
Analogue White Slim Dial Luxurious Blue/Red Fabric Strap Fashion Men's Wrist Watch  ,269,3.7,₹269,FRIEDRICH
"boAt Wave Edge with 1.85"" HD Display, Advanced Bluetooth Calling Chip, Functional Crown, 100+ Sports Modes,Widget Control,AI Voice Assistance,Inbuilt Games, IP68(Active Black)  ","2,099",3.8,"₹2,099",boAt
Silver Linings Analog Black Dial Women's Watch-NN87029NL02/NP87029NL02  ,"1,137",4.0,"₹1,137",Sonata
"Apple Watch SE (2nd Gen) [GPS 40 mm] Smart Watch w/Midnight Aluminium Case & Midnight Sport Band. Fitness & Sleep Tracker, Crash Detection, Heart Rate Monitor, Retina Display, Water Resistant  ","29,400",4.6,"₹29,400",Apple
Analog White Dial Men's Watch-TW000U933  ,"1,598",4.1,"₹1,598",TIMEX
Zaha New Generation Digital Square Watch for Boys & Girls & Kids (Pink)  ,110,1.5,₹110,Generic
Essentials Analog Silver Dial Men's Watch NM77082SL01W/NN77082SL01W  ,799,4.3,₹799,Sonata
Chronograph Design Multi Analog Combo Watches for Men and Watches for Boys Pack of 3  ,355,3.5,₹355,Acnos
Axial Digital Black Dial Men's Watch-DZT2017  ,"10,397",3.8,"₹10,397",Diesel
"Reflex Curv Unisex Activity Tracker Smart Watch, 2.5D Curved Display, AI-Enabled Coach, Multiple Sports Mode, Complete Health Suite with Temperature Monitor Variants  ","2,495",3.7,"₹2,495",Fastrack
Fundamentals Analog Grey Dial Women's Watch-NL68010SM04/NP68010SM04  ,"1,499",4.3,"₹1,499",Fastrack
Minimalist Analog Blue Dial Men's Watch-FS5942  ,"11,995",3.8,"₹11,995",Fossil
Analog Champagne Dial Stainless Steel Strap Men's Watch - 1650YM06  ,"2,995",4.3,"₹2,995",Titan
Shhors Collection Quartz Movement Digital Black Dial Sports Alarm Unisex Watch  ,283,4.1,₹283,Primeshop
Black Magic Analog Black Dial Men's Watch NM3089SL05/NN3089SL05/NP3089SL05  ,"2,695",4.2,"₹2,695",Fastrack
Classics Analog Beige Dial Women's Watch -B301  ,599,4.2,₹599,TIMEX
Analog White Dial Men's Watch NM7987YM05W/NN7987YM05W/NP7987YM05W  ,999,4.2,₹999,Sonata
White Dial Dora Love Watch Series Analogue Girl's Kids Watch  ,189,3.6,₹189,SWADESI STUFF
Super Fibre Analog Black Dial Men's Watch -NM7920PP13 / NL7920PP13  ,775,4.0,₹775,Sonata
Brand A Army Shockproof Waterproof Digital Sports Black Sunglass with Black Baseball Cap Watch for Mens Kids Sports Watch with Cap for Boys - Military Army Watch for Men  ,321,3.7,₹321,SELLORIA
"CYLECT Smart Watch for Men women - Smart Watches for Men Women, Bluetooth Smartwatch Touch Screen Bluetooth Smart Watches for Android iOS Phones Wrist Phone Watch, Women - pink  ",598,3.7,₹598,CYLECT
Analog Black Dial Men's Watch-FCN00034A  ,"3,262",No reviews,"₹3,262",French Connection
"(Renewed) boAt Wave Call Smart Watch, Smart Talk with Bluetooth Calling Chip, 1.69 HD Display with 550 NITS & 70% Color Gamut, 150+ Watch Faces, Multi-Sport Modes,HR,SpO2, IP68(Active Black)  ","1,490",3.6,"₹1,490",Amazon Renewed
Spiderman Analog Black Dial Unisex's Watch-NNC4048PP15  ,995,4.5,₹995,Zoop
Analog-Digital Gold Round Dial Men's Casual Watch-77070PP08  ,"2,899",3.7,"₹2,899",SF
"CrossBeats Ignite S5 Advanced AI ENC BT Calling Smartwatch, 1.96” Super AMOLED Anti-Glare Screen, Always on Display, Calculator, 500+ Watch Faces, 360 Degree Health Tracking, Fast Charge (Silver)  ","4,999",4.1,"₹4,999",CrossBeats
Chronograph Men's Watch (Black Dial)  ,"12,995",4.3,"₹12,995",Armani Exchange
Gen 6 Smartwatch Digital Black Dial Men's Watch-FTW4060  ,"24,995",5.0,"₹24,995",Fossil
Analog Black Dial (Big dial) Men's Watch-DZ7395  ,"33,995",4.0,"₹33,995",Diesel
"CrossBeats Ignite GRIT Smart Watch, 1.83 AMOLED Display with Advanced Bluetooth Calling, Rotating Crown,AI Health Sensors, 150+ Sports Modes, 250+Watch Faces, in-Built Games, 15 Days Battery-Pink  ","2,999",4.3,"₹2,999",CrossBeats
Analogue White Slim Dial Luxurious Blue/Red Fabric Strap Fashion Men's Wrist Watch  ,269,3.7,₹269,FRIEDRICH
sunway M3 Silicone LED Digital Black Men's Women's Watch  ,100,2.8,₹100,sunway
Analog Black Dial Women's Watch NM8976YL03W/NN8976YL03W  ,675,4.1,₹675,Sonata
Analog Dial Women's Watch  ,"2,389.",4.3,"₹2,389.86",French Connection
"SENS NUTON 1 with 1.7 IPS Display, Orbiter, 5ATM & 150+ Watch Faces & Free Additional Strap (Matte Black)  ","1,099",3.9,"₹1,099",SENS
Silver Linings Analog Black Dial Women's Watch-NN87029NL02/NP87029NL02  ,"1,137",4.0,"₹1,137",Sonata
Analog-Digital Black Dial Men's Watch-NL38035SL04/NP38035SL04  ,"4,495",4.4,"₹4,495",Fastrack
Zaha New Generation Digital Square Watch for Boys & Girls & Kids (Pink)  ,110,1.5,₹110,Generic
Venus Digital Grey Dial Men's Watch-NL7982PP02  ,499,4.0,₹499,SF
Chronograph Design Multi Analog Combo Watches for Men and Watches for Boys Pack of 3  ,355,3.5,₹355,Acnos
Barbie Digital Unisex Child Watch (Pink Dial Pink Colored Strap)  ,199,3.3,₹199,Barbie
"Watches: The History of Time,: The Complete Guide to Servicing And Repairing Your Timepiece  ",0,3.4,₹0,Samuel Johnson
"Apple Watch SE (GPS + Cellular, 44mm) - Space Grey Aluminium Case with Midnight Sport Band - Regular  ","35,900",4.6,"₹35,900",Apple
Men's Analog Minute Track Dial Leather Strap Watch [Brown]  ,201,3.8,₹201,TIMEWEAR
Leather Strap Analog Wrist Watch for Women (Black/Brown/Red) - CK312  ,279,3.7,₹279,SWISSTONE
"Fire-Boltt Gladiator 1.96"" Biggest Display Smart Watch with Bluetooth Calling, Voice Assistant &123 Sports Modes, 8 Unique UI Interactions, SpO2, 24/7 Heart Rate Tracking, Rs 100 Off on UPI  ","2,499",4.0,"₹2,499",Fire-Boltt
Minimalist Analog Blue Dial Men's Watch-FS5942  ,"11,995",3.8,"₹11,995",Fossil
Super Fibre Analog Black Dial Men's Watch -NM7920PP13 / NL7920PP13  ,775,4.0,₹775,Sonata
Shhors Collection Quartz Movement Digital Black Dial Sports Alarm Unisex Watch  ,283,4.1,₹283,Primeshop
Georgia Analog Grey Dial Women's Watch - ES3077  ,"5,697",4.3,"₹5,697",Fossil
Classics Analog Beige Dial Women's Watch -B301  ,599,4.2,₹599,TIMEX
Analog Gold Dial Men's Watch NM7987YL01W/NN7987YL01W/NP7987YL01W  ,625,4.1,₹625,Sonata
Classics Analog White Dial Women's Watch-B300  ,626,4.2,₹626,TIMEX
"Men's Digital Sports Watch, Waterproof LED Screen Large Face Military Watches and Heavy Duty Electronic Simple Army Watch with Alarm - 1820  ",799,4.0,₹799,SKMEI
Karishma Revive Analog Silver Dial Women's Watch-NN2593SM01/NP2593SM01  ,"1,720",4.2,"₹1,720",Titan
Brand A Army Shockproof Waterproof Digital Sports Black Sunglass with Black Baseball Cap Watch for Mens Kids Sports Watch with Cap for Boys - Military Army Watch for Men  ,321,3.7,₹321,SELLORIA
Neo Analog Blue Dial Men's Watch-NL1734KM02/NP1734KM02/NQ1734KM02  ,"6,250",4.3,"₹6,250",Titan
"Apple Watch Ultra [GPS + Cellular 49 mm] smart watch w/Rugged Titanium Case & Orange Alpine Loop - Small. Fitness Tracker, Precision GPS, Action Button, Extra-Long BatteryLife, Brighter Retina Display  ","82,999",4.2,"₹82,999",Apple
Huawei Watch GT 2 Pro Ceramic 46mm with White Ceramic Strap  ,"31,999",4.1,"₹31,999",Huawei
Analog Multicolor Small Dial Men's Watch -NM7987SL01W / NL7987SL01W  ,"1,775",3.9,"₹1,775",Sonata
Trendies Analog Pink Dial Women's Watch-NL68006PP04/NP68006PP04  ,"2,129",4.2,"₹2,129",Fastrack
"Maxima Max Pro X4+ Rugged Bluetooth Calling Smart Watch 1.32"" Round Always on Premium Display with 360x360 px Resolution, AI Voice Assitant, Advance UI, 340 mah Big Battery, HR/SpO2, 150+ Watch Faces  ","2,499",3.7,"₹2,499",
Analog Black Dial Men's Watch-FCN00034A  ,"3,262",No reviews,"₹3,262",French Connection
Yuva Analog Black Dial Men's Watch-NL7924SL04/NP7924SL04  ,975,4.1,₹975,Sonata
Casual Analog Black Dial Men's Watch-NL3121SM02/NP3121SM02  ,"1,850",4.2,"₹1,850",Fastrack
Analog-Digital Gold Round Dial Men's Casual Watch-77070PP08  ,"2,899",3.7,"₹2,899",SF
Chronograph Men's Watch (Black Dial)  ,"12,995",4.3,"₹12,995",Armani Exchange
Analog White Dial Men's Watch-NL1585SL07  ,"1,995",4.3,"₹1,995",Titan
Raga Viva Analog Rose Gold Dial Women's Watch-2606WM07  ,"3,995",4.5,"₹3,995",Titan
"Apple Watch SE (2nd Gen) [GPS 44 mm] Smart Watch w/Starlight Aluminium Case & Starlight Sport Band. Fitness & Sleep Tracker, Crash Detection, Heart Rate Monitor, Retina Display, Water Resistant  ","31,900",4.6,"₹31,900",Apple
Formal Analog Men's Watch (Black Dial Multi Colored Strap)  ,389,3.4,₹389,VILLS LAURRENS
Fundamentals Analog Brown Dial Men's Watch-NL38051SL02  ,"1,550",4.2,"₹1,550",Fastrack
Analog Black Dial Men's Watch-TI000R41500  ,"1,209",4.0,"₹1,209",TIMEX
"Samsung Galaxy Watch4 Classic Bluetooth(4.2 cm, Black, Compatible with Android Only)  ","18,000",4.3,"₹18,000",Samsung
Stylish and Fashionable Waterproof LED Square Dial Watch for Boys and Girls  ,289,4.2,₹289,ZOVUTA
Scarlette Mini Analog Gold Dial Women's Watch-ES4319  ,"5,997",4.6,"₹5,997",Fossil
Analog Blue Dial Unisex's Watch-NN26006PP01W/NP26006PP01W  ,699,4.4,₹699,Titan
Analog White Dial Unisex-Child Watch-NP16016PP03/NP16016PP03  ,"1,340",4.8,"₹1,340",Zoop
Enticer Analog Blue Dial Men's Watch-MTP-VD01D-2EVUDF (A1364)  ,"2,198",4.4,"₹2,198",Casio
Youth-Analog Black Dial Men's Watch-MCW-100H-1A3VDF (AD213)  ,"3,915",4.2,"₹3,915",Casio
"Honor Watch GS 3 Smartwatch with 1.43"" AMOLED Touch Screen, Heart Rate, Sleep and Blood Oxygen, Dual GPS, Bluetooth Calling,14 Days Life, 100+ Diverse Sport Modes, Midnight Black (MUS-B19)  ","9,999",3.8,"₹9,999",Honor
"Noise Pulse Go Buzz Smart Watch with Advanced Bluetooth Calling, 1.69"" Display, 150+ Cloud Watch Face, SPo2, Heart Rate Tracking, 100 Sports Mode with Auto Detection, Longer Battery (Midnight Blue)  ","1,699",4.1,"₹1,699",Noise
Light Leathers Analog Blue Dial Men's Watch-NM90102WL02 / NL90102WL02/NP90102WL02  ,"10,645",4.2,"₹10,645",Titan
Raga Viva Analog Grey Dial Women's Watch-NL2604WM01/NP2604WM01  ,"5,495",4.4,"₹5,495",Titan
Analog Women's Watch  ,"1,354",4.3,"₹1,354",Fastrack
Super Fibre Digital Grey Dial Men's Watch-NL87012PP03/NP87012PP03  ,585,4.1,₹585,Sonata
"Zebronics DRIP Smart Watch with Bluetooth Calling, 4.3cm (1.69""), 10 built-in & 100+ Watch Faces, 100+ Sport Modes, 4 built-in Games, Voice Assistant, 8 Menu UI, Fitness Health & Sleep Tracker (Black)  ","1,799",3.8,"₹1,799",ZEBRONICS
Neo Analog White Dial Men's Watch-NN1805SL04  ,"5,795",4.6,"₹5,795",Titan
Analog White Dial Men's Watch-FS4795  ,"13,495",4.4,"₹13,495",Fossil
Analog Silver Dial Men's Watch-TW00ZR286E  ,"1,812",4.4,"₹1,812",TIMEX
Analog Blue Dial Men's Watch-NL1698SM02  ,"4,895",4.2,"₹4,895",Titan
Silver Linings Analog Black Dial Women's Watch-NN87029NL02/NP87029NL02  ,"1,137",4.0,"₹1,137",Sonata
Watch for Boys and Girl Spider Men Kids Light Glowing Watch with Music Tune and Face Cover Multicolor Led Digital Light Kid Watch (3-9 Year Red  ,,3.8,,Lionmati
